<?xml version="1.0" encoding="utf-8"?>
<themes>
 <theme>
  <themeName>Base1</themeName>
  <themeAuthor>Shane Zentz</themeAuthor>
  <themeURL>https://www.shanezentz.com</themeURL>
  <themeDescription>This is the Base 1 Theme by Shane Zentz. It is made specifically for BS-CMS, which is also made by Shane Zentz. This theme is based on Bootstrap 4. It does not support the BS-CMS built in menu system, instead it uses a flat file for the menu, which the user can adjust as necessary. It's not as convienent as using the built-in menu, but it is more customizable. The main purpose of this theme is to show how to use themes within BS-CMS. You can use this theme as a basis or boilerplate to create your own theme. This theme is kept simple for that reason. It only has one layout, which is the full page bootstrap layout. This theme is included with BS-CMS by default, along with Base 2. However Base 2 is a more fully developed theme with more features. This theme is kind of a barebones, generic theme. I hope you find it useful and enjoy it? Use it to create something cool.</themeDescription>
 </theme>
</themes>