<?xml version="1.0" encoding="utf-8"?>
<themes>
 <theme>
  <themeName>Base2</themeName>
  <themeAuthor>Shane Zentz</themeAuthor>
  <themeURL>https://www.shanezentz.com</themeURL>
  <themeDescription>This is the Base 2 Theme by Shane Zentz. It is made using Bootstrap 4. And it is made for BS-CMS, which is also made by Shane Zentz. This theme is included with BS-CMS by default and it's main purpose is to show how themes work within BS-CMS. It includes 3 templates for full width view, left sidebar view, and right sidebar views. It also supports the built in menu system in BS-CMS, which makes menu management very easy and intuitive. You can use this theme as a boilerplate or example on how to make a new, custom theme for BS-CMS. I hope you enjoy using this theme and hope you use it to create something much cool.</themeDescription>
 </theme>
</themes>